Scenario,TV_Budget,Radio_Budget,Newspaper_Budget,Predicted_Sales,Total_Budget,Sales_per_Dollar
Current Average,147.0425,23.264000000000006,30.553999999999995,14.04200423981102,200.8605,0.06990923670811841
High TV Focus,300.0,50.0,25.0,25.926703148990534,375.0,0.06913787506397476
Balanced Approach,200.0,150.0,100.0,40.58034040115909,450.0,0.09017853422479798
Radio Intensive,150.0,250.0,50.0,57.12531423409257,450.0,0.12694514274242794
